{"cameraMode":{"drawMode":0,"name":"Shaded","section":"Shading Mode"},"sceneLighting":true,"audioPlay":false,"sceneViewState":{"m_AlwaysRefresh":false,"showFog":true,"showSkybox":true,"showFlares":true,"showImageEffects":true,"showParticleSystems":true,"showVisualEffectGraphs":true,"m_FxEnabled":true},"in2DMode":false,"pivot":{"x":-122.98689270019531,"y":-61.417694091796878,"z":37.19647216796875},"rotation":{"x":-0.17148083448410035,"y":0.33361148834228518,"z":-0.06183759868144989,"w":-0.9249557256698608},"size":199.8969268798828,"orthographic":false}